customer_id,days_since_last_purchase,total_transactions,lifetime_value,avg_order_value,total_events,unique_sessions,purchase_count,avg_basket_size,conversion,active_days,time_on_platform_days,discount_usage_ratio,wishlist_count,cart_sessions,return_rate,cat_Accessories,cat_Garment_Lower_body,cat_Garment_Upper_body
00000dbacae5abe5e23885899a1fa44253a17956c6d1c3d25f88aa139fdfc657,2087,4,0.14,0.035,33,33,4,0.0,0.12121212121212122,29,0,0.0,0,0,0.0,0.0,3.0,30.0
0000423b00ade91418cceaf3b26c6af3dd342b51fd051eec9c12fb36984420fa,2294,5,0.36000000000000004,0.07200000000000001,33,33,5,0.0,0.15151515151515152,32,0,0.0,0,0,0.0,0.0,7.0,26.0
000058a12d5b43e67d225668fa1f8d618c13dc232df0cad8ffe7ad4a1091e318,1909,1,0.06,0.06,45,45,1,0.0,0.022222222222222223,41,0,0.0,0,0,0.0,1.0,4.0,40.0
00006413d8573cd20ed7128e53b7b13819fe5cfc2d801fe7fc0f26dd8d65a85a,2251,2,0.1,0.05,43,43,2,0.0,0.046511627906976744,42,0,0.0,0,0,0.0,0.0,6.0,37.0
0000757967448a6cb83efb3ea7a3fb9d418ac7adf2379d8cd0c725276a467a2a,2238,1,0.03,0.03,33,33,1,0.0,0.030303030303030304,32,0,0.0,0,0,0.0,0.0,6.0,27.0
00007d2de826758b65a93dd24ce629ed66842531df6699338c5570910a014cc2,2205,5,0.67,0.134,36,36,5,0.0,0.1388888888888889,34,0,0.0,0,0,0.0,0.0,3.0,33.0
00008469a21b50b3d147c97135e25b4201a8c58997f78782a0cc706645e14493,2582,1,0.04,0.04,42,42,1,0.0,0.023809523809523808,40,0,0.0,0,0,0.0,0.0,4.0,38.0
000097d91384a0c14893c09ed047a963c4fc6a5c021044eec603b323e8c82d1d,2591,1,0.01,0.01,39,39,1,0.0,0.02564102564102564,36,0,0.0,0,0,0.0,0.0,9.0,30.0
00009d946eec3ea54add5ba56d5210ea898def4b46c68570cf0096d962cacc75,1938,20,0.93,0.0465,51,51,20,0.0,0.39215686274509803,46,0,0.0,0,0,0.0,1.0,16.0,34.0
0000b2f1829e23b24feec422ef13df3ccedaedc85368e6664d04ca30b2f8daff,1926,2,0.05,0.025,42,42,2,0.0,0.047619047619047616,38,0,0.0,0,0,0.0,0.0,6.0,36.0
0000e9a4db2da4e9c68558ad1e7df570d02767b213ec6bcb10283ab05ee53015,2517,1,0.03,0.03,39,39,1,0.0,0.02564102564102564,38,0,0.0,0,0,0.0,0.0,6.0,33.0
0000f1c71aafe5963c3d195cf273f7bfd50bbf17761c9199e53dbb81641becd7,1967,15,0.77,0.051333333333333335,48,48,15,0.0,0.3125,42,0,0.0,0,0,0.0,1.0,7.0,40.0
0000f2ea26b7f0a9175f428c8cf7743e9e10e193465ecdfa486d5f3bf019d330,2265,3,0.16,0.05333333333333334,43,43,3,0.0,0.06976744186046512,42,0,0.0,0,0,0.0,0.0,8.0,35.0
0001076e215991bad544dd3e7312f78d9f576a1cc3ddc407b2bc9024794ead5f,2143,2,0.14,0.07,43,43,2,0.0,0.046511627906976744,41,0,0.0,0,0,0.0,0.0,7.0,36.0
000114c6996ef5703a8d455faf2103f8488d3928348e0739c92ff9e8897932db,1996,3,0.09,0.03,50,50,3,0.0,0.06,45,0,0.0,0,0,0.0,1.0,11.0,38.0
00015c1a121e08bbd2552c15fbbb6e6b19d3bf8f7b6a3d60c6d7be26f06264d6,2367,6,0.25,0.041666666666666664,35,35,6,0.0,0.17142857142857143,34,0,0.0,0,0,0.0,0.0,4.0,31.0
000172a9c322560c849754ffbdfdb2180d408aa7176b943f957804686be8e1f0,1920,5,0.13,0.026000000000000002,40,40,5,0.0,0.125,39,0,0.0,0,0,0.0,0.0,8.0,32.0
0001ab2ebc1bb9a21d135e2fefdb11f12bee5c74ab29842a6d2ffd71316bf048,2116,5,0.13,0.026000000000000002,39,39,5,0.0,0.1282051282051282,36,0,0.0,0,0,0.0,0.0,5.0,34.0
0001d44dbe7f6c4b35200abdb052c77a87596fe1bdcc37e011580a479e80aa94,1933,47,2.83,0.06021276595744681,87,87,47,0.0,0.5402298850574713,76,0,0.0,0,0,0.0,0.0,28.0,59.0
0001e7a9c3a9749ef86fd992a8a9cb487ba609b8763c7c01ad9bb0ceb130b4ec,2574,1,0.07,0.07,48,48,1,0.0,0.020833333333333332,45,0,0.0,0,0,0.0,1.0,6.0,41.0
0001f8cef6b9702d54abf66fd89eb21014bf98567065a9b5e42f37bc99528cf5,2601,4,0.42,0.105,38,38,4,0.0,0.10526315789473684,36,0,0.0,0,0,0.0,0.0,5.0,33.0
00022754ec18c5e53757eea8b281632a5c4a499368ecc53a21adfc64a665ba8b,2433,2,0.11,0.055,33,33,2,0.0,0.06060606060606061,33,0,0.0,0,0,0.0,1.0,3.0,29.0
00023182883c3d537185d3e2d8ec2cb20bd4732f3869416f321d662c4fac7187,2510,2,0.08,0.04,38,38,2,0.0,0.05263157894736842,38,0,0.0,0,0,0.0,0.0,3.0,35.0
00023e3dd8618bc63ccad995a5ac62e21177338d642d66b42e0038c6b10f655a,2026,8,0.22999999999999998,0.028749999999999998,51,51,8,0.0,0.1568627450980392,47,0,0.0,0,0,0.0,0.0,9.0,42.0
000253f6914890557a88d0b91288ce85fae9332dac43ee5445c33e3891df6fd3,2514,1,0.03,0.03,30,30,1,0.0,0.03333333333333333,30,0,0.0,0,0,0.0,0.0,3.0,27.0
00025f8226be50dcab09402a2cacd520a99e112fe01fddd1b10ea71270547b26,2523,5,0.21000000000000002,0.042,49,49,5,0.0,0.10204081632653061,45,0,0.0,0,0,0.0,1.0,9.0,39.0
0002b7a7ab270a638fcb2eb5899c58696db24d9d954ddb43683dd6b0ffa292f0,2432,1,0.06,0.06,36,36,1,0.0,0.027777777777777776,36,0,0.0,0,0,0.0,0.0,6.0,30.0
0002cca4cc68601e894ab62839428e5f0696417fe0f9e84551c6827a7629d441,2121,8,0.41000000000000003,0.051250000000000004,37,37,8,0.0,0.21621621621621623,35,0,0.0,0,0,0.0,0.0,7.0,30.0
0002d2ef78ec29c03a951963a2694be963c06d7123b9726e4bde96e828d770f6,2150,1,0.03,0.03,45,45,1,0.0,0.022222222222222223,41,0,0.0,0,0,0.0,0.0,3.0,42.0
0002db27a1651998a3de4463437b580b45dfa7d8107afa778daad67b3d015d94,2599,1,0.08,0.08,34,34,1,0.0,0.029411764705882353,33,0,0.0,0,0,0.0,0.0,7.0,27.0
0002e6a17e3a75600888cac019846a600c9c6fe2bc1565613c6fa6c13f727071,2515,2,0.14,0.07,33,33,2,0.0,0.06060606060606061,31,0,0.0,0,0,0.0,0.0,5.0,28.0
0002e6cdaab622b5047407efc0d0bf85e23220e092012095d98119fa9cb3cee7,1999,1,0.03,0.03,40,40,1,0.0,0.025,39,0,0.0,0,0,0.0,0.0,9.0,31.0
00033727677f91e311ad65609583d6f21f6871ea0ab73b54dfb916ebe92b9e3f,2263,1,0.05,0.05,30,30,1,0.0,0.03333333333333333,29,0,0.0,0,0,0.0,0.0,8.0,22.0
000346516dd355b40badca0c0f5f37a318ddae31f0e0f76a3a0454eb591b6384,2000,3,0.08,0.02666666666666667,26,26,3,0.0,0.11538461538461539,26,0,0.0,0,0,0.0,0.0,4.0,22.0
00036ffb474cd9818bd0d9045fd5863b0167aabae75e613722443c7b3264730d,2224,3,0.15000000000000002,0.05000000000000001,37,37,3,0.0,0.08108108108108109,35,0,0.0,0,0,0.0,0.0,7.0,30.0
0003867b41fdfb70b1a279010e6514cf0396899eef575061381678990fdceef3,2365,1,0.03,0.03,42,42,1,0.0,0.023809523809523808,41,0,0.0,0,0,0.0,1.0,6.0,35.0
0003abe64294e66a6310c3436fa9e5b754cc5603deef4f26fc8ab8d043af9358,1957,1,0.05,0.05,34,34,1,0.0,0.029411764705882353,33,0,0.0,0,0,0.0,1.0,5.0,28.0
0003e7b27d3dd2295e609bcc017e96a05f322cd25fdaa717f5d2ed124a762843,2214,1,0.03,0.03,38,38,1,0.0,0.02631578947368421,35,0,0.0,0,0,0.0,0.0,9.0,29.0
0003ea63da109dffa9af1b4323338b4ebc9501f90505c87a4947a445ebfb8607,2493,1,0.03,0.03,32,32,1,0.0,0.03125,29,0,0.0,0,0,0.0,0.0,4.0,28.0
000400dcdcf45d8d1ad1bd63be6fbd79a49167adf0cf28792cb97a53dbad3ff2,2518,2,0.07,0.035,41,41,2,0.0,0.04878048780487805,37,0,0.0,0,0,0.0,0.0,4.0,37.0
0004068f54dbe1c7054b23c615edc5f733a508ecc54930bf323209f20410898c,2514,1,0.04,0.04,41,41,1,0.0,0.024390243902439025,38,0,0.0,0,0,0.0,0.0,7.0,34.0
000412345109c7c085b5faec96afe864b19a172fa4cb9b94823d9ef6a8a1846a,2054,2,0.08,0.04,38,38,2,0.0,0.05263157894736842,37,0,0.0,0,0,0.0,0.0,4.0,34.0
000416152a81973bebab23142bd5dd6ebd85c8c5e2d63e18eb6398b71864f219,1998,4,0.16999999999999998,0.042499999999999996,37,37,4,0.0,0.10810810810810811,35,0,0.0,0,0,0.0,0.0,4.0,33.0
00045027219e894b683fb4687211e2d0c904c268e9f28d370d9a84994678ac71,2287,1,0.02,0.02,40,40,1,0.0,0.025,35,0,0.0,0,0,0.0,0.0,4.0,36.0
00045b41ba4df7a2e6c09093ec92873ea43a137cf2b24cff1a387f75a24782a9,2135,1,0.07,0.07,38,38,1,0.0,0.02631578947368421,38,0,0.0,0,0,0.0,0.0,11.0,27.0
0004690d2b68d5175697d197a86065595ef7b49c7c051b9dfb74948870455f3b,2555,1,0.03,0.03,34,34,1,0.0,0.029411764705882353,32,0,0.0,0,0,0.0,0.0,6.0,28.0
000489746e2e4351220bc35024b2354044713a702b88965bc1b3163bedb189bc,2313,3,0.06,0.02,36,36,3,0.0,0.08333333333333333,32,0,0.0,0,0,0.0,0.0,8.0,28.0
000493dd9fc463df1acc2081450c9e75ef8e87d5dd17ed6396773839f6bf71a9,1903,7,0.37,0.05285714285714286,47,47,7,0.0,0.14893617021276595,41,0,0.0,0,0,0.0,0.0,13.0,34.0
0004a7b3945dc17a51fa3b1a206749f0e3404e4f6ae8b6905ef5e56212e1fe38,2284,4,0.18,0.045,41,41,4,0.0,0.0975609756097561,38,0,0.0,0,0,0.0,0.0,12.0,29.0
0004db725c9025318d5c461bb7e1c99fb8e77d9e8f267bba860073ea27bdc2d5,2623,1,0.02,0.02,34,34,1,0.0,0.029411764705882353,33,0,0.0,0,0,0.0,0.0,6.0,28.0
0004df3751c43c51f79aa24d321f35ce4a1a3ec180c4a1425b0aefc037ab25bc,1946,1,0.07,0.07,37,37,1,0.0,0.02702702702702703,33,0,0.0,0,0,0.0,1.0,4.0,32.0
0004ee708acad44b15ee324daffef7b379a1fdfd9826f39a3aabda9dacaea176,2070,3,0.16,0.05333333333333334,33,33,3,0.0,0.09090909090909091,31,0,0.0,0,0,0.0,1.0,7.0,25.0
0004f079e5f7fbf106301d8c32278e71a96adde0a9e3328d2fc01309796ebc4b,2305,1,0.03,0.03,37,37,1,0.0,0.02702702702702703,34,0,0.0,0,0,0.0,0.0,11.0,26.0
000525e3fe01600d717da8423643a8303390a055c578ed8a97256600baf54565,1902,1,0.03,0.03,37,37,1,0.0,0.02702702702702703,33,0,0.0,0,0,0.0,0.0,5.0,32.0
000531ecd2754a0cf214373cc7b6dbcf7ce9a77c3284a2facbe072f763618bbc,1997,1,0.03,0.03,32,32,1,0.0,0.03125,31,0,0.0,0,0,0.0,0.0,6.0,26.0
0005340aa69bb5a28d98712a36d8f669024bce137e3c82a618ea49032b9023c6,1921,2,0.08,0.04,41,41,2,0.0,0.04878048780487805,37,0,0.0,0,0,0.0,0.0,7.0,34.0
000538c14c490fee547e2703439f70bdb8748e2a62f875d63b7320c17ae20fc2,2282,1,0.04,0.04,43,43,1,0.0,0.023255813953488372,39,0,0.0,0,0,0.0,0.0,7.0,36.0
00058592fc65afabbb00b1bb7d33c6b221d00c6a98c62101ee96e12ebddbf0ee,2228,2,0.1,0.05,37,37,2,0.0,0.05405405405405406,35,0,0.0,0,0,0.0,0.0,4.0,33.0
00058c11019467570a6918669b768392f7c9277b7ae4d853bab9cd25f1eae6b4,2163,4,0.2,0.05,35,35,4,0.0,0.11428571428571428,34,0,0.0,0,0,0.0,0.0,2.0,33.0
0005baed366933727a0ee8407c56e5f065fd5b09c71478fe618c2613a04b2a8c,2412,1,0.04,0.04,54,54,1,0.0,0.018518518518518517,51,0,0.0,0,0,0.0,2.0,4.0,48.0
0005bc21a78d1e3cf40c1778028f1f81ab6a49875831174e66823fef1cc17855,2247,2,0.07,0.035,41,41,2,0.0,0.04878048780487805,40,0,0.0,0,0,0.0,0.0,8.0,33.0
0005d926defbe130e228dd8892aa879d89858e6ffc9a604d8b289ed0a1901f0d,2199,1,0.02,0.02,35,35,1,0.0,0.02857142857142857,35,0,0.0,0,0,0.0,0.0,2.0,33.0
000610a2daf19204bea9c8bf58dc30ed7d16948f46b266d0a420cc99e8658557,2230,3,0.19,0.06333333333333334,31,31,3,0.0,0.0967741935483871,31,0,0.0,0,0,0.0,1.0,6.0,24.0
00061a04f030bdf3665b09829192ca8c13c4de6dd9ae9d38d0d0b5ce3a1cfc6f,1998,1,0.03,0.03,32,32,1,0.0,0.03125,31,0,0.0,0,0,0.0,1.0,2.0,29.0
00061f9d8a57529d6a662d6ca9f92c82f08a2fe5de53b4d599a7ce5f78c59e64,2146,1,0.04,0.04,37,37,1,0.0,0.02702702702702703,37,0,0.0,0,0,0.0,0.0,10.0,27.0
000669bae7443ad5cb50a450f7916cdf6808f38d4b30c30a786ba6560ffe304c,2615,3,0.09,0.03,34,34,3,0.0,0.08823529411764706,33,0,0.0,0,0,0.0,0.0,5.0,29.0
00066fdcf5f0da690b898b287d05ce477bd2764ce975d138489da03510a42833,1988,1,0.04,0.04,36,36,1,0.0,0.027777777777777776,35,0,0.0,0,0,0.0,0.0,7.0,29.0
00067622de3151a7219b4ed9922def50b51601fbe414183d316697f220aa835e,2242,1,0.06,0.06,34,34,1,0.0,0.029411764705882353,33,0,0.0,0,0,0.0,0.0,4.0,30.0
00068c36f7034bf3e7943e581b7222ea639fba0e58a82ef24f2eee158e38d9bf,2586,2,0.16,0.08,43,43,2,0.0,0.046511627906976744,43,0,0.0,0,0,0.0,0.0,6.0,37.0
00068fc247894dc159e7f6246cebb2eaaca3a65b93a8a9b9eef5a26edc8c8de1,2030,1,0.03,0.03,33,33,1,0.0,0.030303030303030304,33,0,0.0,0,0,0.0,0.0,9.0,24.0
0006a10483f4b1d47dd0c640429a1c059f224c3a87464cc9291cfe7363d0900c,1927,1,0.08,0.08,37,37,1,0.0,0.02702702702702703,35,0,0.0,0,0,0.0,1.0,9.0,27.0
0006b5856381fac4eac03efe68a6578a2d9260f4e109f4a9be2888c11a3fe56a,2506,4,0.11,0.0275,42,42,4,0.0,0.09523809523809523,40,0,0.0,0,0,0.0,1.0,5.0,36.0
0006bb0fad5c49341bd9cece264271e68e01a4e55f22ec9efffc43b0b3bdbc34,2270,1,0.08,0.08,34,34,1,0.0,0.029411764705882353,34,0,0.0,0,0,0.0,0.0,1.0,33.0
0006bfcec82c6c132276c0a5549ae13645c9ab77b0243fe7a76bcd9c66bfc06d,1918,6,0.33,0.055,30,30,6,0.0,0.2,27,0,0.0,0,0,0.0,2.0,7.0,21.0
0006ca2c5ecdbdcc1de5e72adffc6c33448fc2aaa62afed8be1cfd13e698a438,2284,1,0.03,0.03,28,28,1,0.0,0.03571428571428571,24,0,0.0,0,0,0.0,0.0,6.0,22.0
0006d1fc72f81261e70e74249ab2c348e21a093ba40f2af6e90f4337a9736af2,2262,4,0.23,0.0575,39,39,4,0.0,0.10256410256410256,38,0,0.0,0,0,0.0,0.0,4.0,35.0
0006d3ff0caf0cb4d4e0615ee5cb7d268622364d483335bf21fbf296e785e282,1972,6,0.35000000000000003,0.05833333333333334,44,44,6,0.0,0.13636363636363635,43,0,0.0,0,0,0.0,0.0,6.0,38.0
000747860042b94e85707605c2a627c6ba30c4117d025d72cefdba58d73b8e21,2481,1,0.1,0.1,32,32,1,0.0,0.03125,31,0,0.0,0,0,0.0,0.0,2.0,30.0
00075ef36696a7b4ed8c83e22a4bf7ea7c90ee110991ec5e0fb21b12f862f73d,2046,8,0.45,0.05625,46,46,8,0.0,0.17391304347826086,41,0,0.0,0,0,0.0,2.0,9.0,35.0
000773f3c485c18e103197e45a57021bc77acb16e39e0b9f362a9b5ef66878c3,2614,2,0.1,0.05,37,37,2,0.0,0.05405405405405406,34,0,0.0,0,0,0.0,2.0,1.0,34.0
00077dbd5c4a4991e092e63893ccf29294a9d5c46e85010e95f2fc10bf9437a4,1903,13,0.59,0.045384615384615384,46,46,13,0.0,0.2826086956521739,44,0,0.0,0,0,0.0,0.0,10.0,36.0
0007887b812f214b9752d8b589503a35bdf1e27b66eec310c3f93378b4873d3d,2626,1,0.05,0.05,36,36,1,0.0,0.027777777777777776,33,0,0.0,0,0,0.0,0.0,4.0,32.0
0007c3ba357b0e54131e54d7a5d619263c5a9e6826308be892a821e9260ae928,2117,2,0.16,0.08,39,39,2,0.0,0.05128205128205128,38,0,0.0,0,0,0.0,0.0,5.0,34.0
0007c93b2a5ff71d3358d0ee4391c47bbf6b8e7d4d2bf61e4b537943b13115ff,2028,3,0.07,0.023333333333333334,47,47,3,0.0,0.06382978723404255,42,0,0.0,0,0,0.0,0.0,6.0,41.0
0007cdfc28c8a199c56e3cc907090df66b0b3461f624b2e2c15ff87ac38ede5e,2207,1,0.03,0.03,38,38,1,0.0,0.02631578947368421,37,0,0.0,0,0,0.0,0.0,4.0,34.0
0007e7b07ebd91457e785644c9cf76a491999729d4dc1098c4f3d3ceb6c94f9f,2348,1,0.01,0.01,39,39,1,0.0,0.02564102564102564,38,0,0.0,0,0,0.0,1.0,6.0,32.0
0007ef7605d8456f789de37f6414c0a929ace7251996a73f485f89705828534d,2026,1,0.06,0.06,32,32,1,0.0,0.03125,30,0,0.0,0,0,0.0,0.0,7.0,25.0
00080403a669b3b89d1bef1ec73ea466d95e39698d6dded141c0e3a8d4599d0c,1936,30,1.22,0.04066666666666666,62,62,30,0.0,0.4838709677419355,53,0,0.0,0,0,0.0,1.0,12.0,49.0
0008804a45e7fbc8653ba8f5ce15880cb966ca220c52d2f8dcdeb954891277a7,2305,16,0.74,0.04625,57,57,16,0.0,0.2807017543859649,45,0,0.0,0,0,0.0,1.0,24.0,32.0
0008968c0d451dbc5a9968da03196fe20051965edde7413775c4eb3be9abe9c2,1928,1,0.07,0.07,35,35,1,0.0,0.02857142857142857,34,0,0.0,0,0,0.0,1.0,6.0,28.0
00089f13f465ec902e5c49a3bb408c5e31205096d6f267543f1893303e456016,2011,1,0.07,0.07,43,43,1,0.0,0.023255813953488372,42,0,0.0,0,0,0.0,0.0,6.0,37.0
0008a2dd68b9a347b6f6b6d567b48684d4a11e05a8b7cc4fc92361edd09503f7,1957,3,0.08,0.02666666666666667,45,45,3,0.0,0.06666666666666667,41,0,0.0,0,0,0.0,0.0,10.0,35.0
0008d30a148478dc88c69af6c51230ad5802590afc84889af16b661e64407408,2601,1,0.08,0.08,24,24,1,0.0,0.041666666666666664,23,0,0.0,0,0,0.0,0.0,0.0,24.0
0008d644deb96bdc0ca262f161cf6d5e9a4e619bb75faa76704d7955d5e54f0f,1912,11,0.55,0.05,61,61,11,0.0,0.18032786885245902,55,0,0.0,0,0,0.0,1.0,15.0,45.0
0008f66f5804877333ab9942c880b4a222f5b1a9f6ce272fd7b22a57a7e0bf05,1923,3,0.08,0.02666666666666667,39,39,3,0.0,0.07692307692307693,38,0,0.0,0,0,0.0,0.0,6.0,33.0
000934651054f08396856cd83fad3b36b97ab95a0baf79cf86769e92bf3fef40,1963,6,0.27,0.045000000000000005,40,40,6,0.0,0.15,39,0,0.0,0,0,0.0,0.0,8.0,32.0
000945fbfa84885dbf7c421f7a76d8cec39056551eb9659521bdcf55911441d6,2199,3,0.16000000000000003,0.053333333333333344,41,41,3,0.0,0.07317073170731707,40,0,0.0,0,0,0.0,0.0,5.0,36.0
00096b1fee245c60537a069f01574dba866acb464accf516066f4d338b545a1b,2626,1,0.03,0.03,46,46,1,0.0,0.021739130434782608,41,0,0.0,0,0,0.0,0.0,3.0,43.0
000989f72a2b8e5da2f4abafc86c2e213816fa2ff2a060ccf17ba290e00c5d85,2025,6,0.36,0.06,44,44,6,0.0,0.13636363636363635,43,0,0.0,0,0,0.0,0.0,5.0,39.0
000a452812a2c2f7d6de7bb8971a6d51593018d5a3af8c2d161235ae2968f181,2239,2,0.06,0.03,51,51,2,0.0,0.0392156862745098,47,0,0.0,0,0,0.0,0.0,13.0,38.0
000a74a8ce6e616c1d26d186d8ffae487878b89223b60f5d369665e367faa677,2601,2,0.11000000000000001,0.05500000000000001,34,34,2,0.0,0.058823529411764705,33,0,0.0,0,0,0.0,0.0,5.0,29.0
000a9291e5aa007a10faf2177671a8501dade80e6679218d65f53c1497b17f87,2496,2,0.16,0.08,35,35,2,0.0,0.05714285714285714,35,0,0.0,0,0,0.0,0.0,4.0,31.0
000aa9a7d9f776173f87d58e834e4dd36f3a2d7908ae4750690224f1055909f3,2257,2,0.06,0.03,36,36,2,0.0,0.05555555555555555,34,0,0.0,0,0,0.0,1.0,6.0,29.0
000ae8a03447710b4de81d85698dfc0559258c93136650efc2429fcca80d699a,2032,3,0.06,0.02,48,48,3,0.0,0.0625,44,0,0.0,0,0,0.0,0.0,12.0,36.0
000afd8e9c4f46dd652394191c326355a24bd552981b690aefbefdafd8a3c710,2164,2,0.18,0.09,35,35,2,0.0,0.05714285714285714,31,0,0.0,0,0,0.0,0.0,7.0,28.0
000b31552d3785c79833262bbeefa484cbc43d7b612b3c8fc696260b5afaadc4,2020,1,0.02,0.02,37,37,1,0.0,0.02702702702702703,37,0,0.0,0,0,0.0,0.0,4.0,33.0
000b6c6124d1c9fc9225e14b2e37461f15c9198a37ac94f30f2d658445075a13,2362,16,2.06,0.12875,57,57,16,0.0,0.2807017543859649,52,0,0.0,0,0,0.0,0.0,5.0,52.0
000bb8a3a8be8ad1039aece8498c0b63f158fa04d8ef95ca66a6de7bef72b2e7,2220,1,0.03,0.03,39,39,1,0.0,0.02564102564102564,36,0,0.0,0,0,0.0,1.0,2.0,36.0
000c1129c847f3885a8b423fb75f8fb83ba43722fe70701597199480b759d9a1,2181,2,0.07,0.035,43,43,2,0.0,0.046511627906976744,41,0,0.0,0,0,0.0,0.0,6.0,37.0
000c324da8d94bd513ab0d80a235e47fa98d2cef98bd2f1854abca11a5b48a3a,2053,4,0.18,0.045,39,39,4,0.0,0.10256410256410256,35,0,0.0,0,0,0.0,0.0,4.0,35.0
000c41868d0170bf1e022a985a37f52344ba14ca5c331b816982180fb4b169e1,2022,1,0.02,0.02,33,33,1,0.0,0.030303030303030304,32,0,0.0,0,0,0.0,0.0,8.0,25.0
000c5c714aefd0d5ed1205e2781070167826ffc117ab9ec579b9f3851392dfad,2018,5,0.16,0.032,59,59,5,0.0,0.0847457627118644,58,0,0.0,0,0,0.0,0.0,8.0,51.0
000c6170230e0d08cad5c4f0ab12cae2ff347005cceb5e0355cab6a320361299,2477,2,0.04,0.02,38,38,2,0.0,0.05263157894736842,37,0,0.0,0,0,0.0,1.0,6.0,31.0
000c6acfc0457b99ae3150e8e57beffb4c8d7c5fc31e40bfd721598d193a25a1,2262,2,0.12000000000000001,0.060000000000000005,42,42,2,0.0,0.047619047619047616,40,0,0.0,0,0,0.0,0.0,7.0,35.0
000c742a054f1180117024953ea31c3fa65eb47e69990a405f4fc5a2d3fbe6aa,2101,3,0.11,0.03666666666666667,46,46,3,0.0,0.06521739130434782,43,0,0.0,0,0,0.0,1.0,7.0,38.0
000c7c794543cdb6fcd29d9c82f34cd1c0c50f0ceb6010890d66bec7f21d5d16,2211,2,0.08,0.04,47,47,2,0.0,0.0425531914893617,46,0,0.0,0,0,0.0,0.0,7.0,40.0
000ca60ca6d8de6d3b4689e2da829d69db5947bd89084cd3a0849f4ea57375fd,2347,3,0.06,0.02,40,40,3,0.0,0.075,39,0,0.0,0,0,0.0,0.0,6.0,34.0
000d15e5f8031a32013ab1e4557854692557a2aa7c79265f027265503a3efac5,2252,4,0.1,0.025,44,44,4,0.0,0.09090909090909091,39,0,0.0,0,0,0.0,0.0,11.0,33.0
000d1eefd2d2f8387c6c4f2d61bf16be84dd7293567d89de70b8688c6e5335c8,1954,1,0.04,0.04,34,34,1,0.0,0.029411764705882353,34,0,0.0,0,0,0.0,1.0,5.0,28.0
000da3d7d0ef65573d455266b21b085483913d296f65cc20bfc3c1035f5346f7,2478,3,0.08,0.02666666666666667,45,45,3,0.0,0.06666666666666667,44,0,0.0,0,0,0.0,0.0,5.0,40.0
000da7cae0959d00f079d2d36f8cd7065fc91c685cd9e9b44c5f8052b03fe285,2116,5,0.12,0.024,34,34,5,0.0,0.14705882352941177,33,0,0.0,0,0,0.0,0.0,7.0,27.0
000deb763c3cfa8f9d0f37a998e0c6984d4867f7b09b432a4a5143e9cc269637,1935,2,0.1,0.05,34,34,2,0.0,0.058823529411764705,33,0,0.0,0,0,0.0,0.0,7.0,27.0
000df6aadf55869ad4a6a843280c0d252d68e8ae5985f114bd06f06f3659199a,2595,2,0.2,0.1,45,45,2,0.0,0.044444444444444446,42,0,0.0,0,0,0.0,0.0,6.0,39.0
000e2691ade6addc974a2d8767def5b5272d1c62883cc04a011658aaa13b2ecb,2032,2,0.11,0.055,42,42,2,0.0,0.047619047619047616,40,0,0.0,0,0,0.0,0.0,5.0,37.0
000e2ffc7b0ea9da547019bb0b1dc440bf59f6fcf2f190adbd715521951b4210,2095,2,0.1,0.05,39,39,2,0.0,0.05128205128205128,34,0,0.0,0,0,0.0,1.0,7.0,31.0
000ec422ba5459f0295c1e86872d61b746bb8f84345efd6c98c0a72cd48ea9a5,2076,1,0.06,0.06,35,35,1,0.0,0.02857142857142857,33,0,0.0,0,0,0.0,0.0,4.0,31.0
000ed4cabda96069b547ae531c66de5f1bf6a7e5b83aa8ecc5abe84a9f6779e0,2113,4,0.18,0.045,39,39,4,0.0,0.10256410256410256,39,0,0.0,0,0,0.0,0.0,0.0,39.0
000ee39f35322b568db9d7f39500ad1b58a6f8a3fc2abf3723e94884e6d4488c,1965,1,0.03,0.03,37,37,1,0.0,0.02702702702702703,34,0,0.0,0,0,0.0,0.0,4.0,33.0
000ee56f745271e72ae8b5680a416a4fbf8acf6a690ab2df92ee58505e6d0136,2417,1,0.02,0.02,45,45,1,0.0,0.022222222222222223,43,0,0.0,0,0,0.0,0.0,7.0,38.0
000eeafd8d8a478c65432cca0a83a834aa9e0eb77dffe52175bfda06db664ee5,1947,1,0.05,0.05,41,41,1,0.0,0.024390243902439025,40,0,0.0,0,0,0.0,1.0,5.0,35.0
000f223c9dc80a532da98d34c845455e309e38f4949209905d68c2f08b97ec9f,2161,3,0.21000000000000002,0.07,44,44,3,0.0,0.06818181818181818,42,0,0.0,0,0,0.0,0.0,11.0,33.0
000f4d22ea7b4fc94704b3e6b7fb225b4f9dde7560cd380cb25f496f168ebbf8,2350,3,0.12,0.04,43,43,3,0.0,0.06976744186046512,39,0,0.0,0,0,0.0,2.0,5.0,36.0
000f8566fda44b9ac64257988150dbf3ad8ff6bcec1c5baed104a5eddaeaec64,2021,1,0.03,0.03,38,38,1,0.0,0.02631578947368421,36,0,0.0,0,0,0.0,0.0,7.0,31.0
000fa1b80857fa40bf25990bc1b1b65afc63923a8e4b5762db34e4bb46032d29,2141,5,0.22999999999999998,0.046,29,29,5,0.0,0.1724137931034483,28,0,0.0,0,0,0.0,0.0,6.0,23.0
000fab9caf56e8060680e5fd82d709ade7496318832201353526ad6ea47a12ff,2066,2,0.16999999999999998,0.08499999999999999,42,42,2,0.0,0.047619047619047616,42,0,0.0,0,0,0.0,0.0,9.0,33.0
000fb6e772c5d0023892065e659963da90b1866035558ec16fca51b0dcfb7e59,1918,16,0.9,0.05625,65,65,16,0.0,0.24615384615384617,58,0,0.0,0,0,0.0,0.0,8.0,57.0
000fd548002726b75586e82114771cf408a6070ea71ba05a8b40f32309577c35,2125,7,0.43000000000000005,0.06142857142857144,42,42,7,0.0,0.16666666666666666,40,0,0.0,0,0,0.0,0.0,4.0,38.0
001021122bdb55ec4235f35eb50164c268ec7c4bcfff90723dcc5096b877fe7d,2226,5,0.43,0.086,44,44,5,0.0,0.11363636363636363,39,0,0.0,0,0,0.0,0.0,11.0,33.0
001054cdd36af42fb6a33bafbf68564f61abaff0e8ddb7ff3187081084d129f8,2458,1,0.03,0.03,42,42,1,0.0,0.023809523809523808,41,0,0.0,0,0,0.0,0.0,5.0,37.0
001082f8407c5e1be84e02ca87e4c623c23b1b3942658c3ae0ea2a123ee71cfa,2024,8,0.14,0.0175,46,46,8,0.0,0.17391304347826086,40,0,0.0,0,0,0.0,0.0,13.0,33.0
0010876c57885b66aea0c7787b608ca17725fc6882e270c7c01d3d5b90c7ccba,2234,1,0.05,0.05,40,40,1,0.0,0.025,36,0,0.0,0,0,0.0,0.0,4.0,36.0
00108c4b7847b71af7540e34b9842b1a18b5c5ee28e9481c07ccbe2dda375363,2032,2,0.08,0.04,45,45,2,0.0,0.044444444444444446,41,0,0.0,0,0,0.0,0.0,2.0,43.0
0010a977ee42a77419ab629a6b4e83943e99721db1de09cf9a9893948c424a6b,2590,1,0.03,0.03,37,37,1,0.0,0.02702702702702703,35,0,0.0,0,0,0.0,0.0,7.0,30.0
0010bb1c4a9c39adb234a90c487fd472c843e3523f4b8d823b2ed87e6287366a,2248,1,0.05,0.05,34,34,1,0.0,0.029411764705882353,33,0,0.0,0,0,0.0,0.0,8.0,26.0
0010e8eb18f131e724d6997909af0808adbba057529edb1523944f7d4e02b4ce,1907,9,0.38,0.042222222222222223,45,45,9,0.0,0.2,41,0,0.0,0,0,0.0,0.0,7.0,38.0
0010f56acce349e6e82bfef13ee39232a8bc0db0801ca4c21c2ff385aba97da0,1911,1,0.03,0.03,43,43,1,0.0,0.023255813953488372,42,0,0.0,0,0,0.0,0.0,7.0,36.0
00111614ae738d0b5241b561b61d1d639e2ac2f4da7563b2444ccc3462e4025c,2104,1,0.01,0.01,34,34,1,0.0,0.029411764705882353,32,0,0.0,0,0,0.0,0.0,9.0,25.0
001127bffdda108579e6cb16080440e89bf1250a776c6e55f56e35e9ee029a8d,2261,4,0.12,0.03,45,45,4,0.0,0.08888888888888889,43,0,0.0,0,0,0.0,0.0,11.0,34.0
001143bec624de9df82bd687babb382e00b0285e2371cc9120de5d42c48f1076,2006,10,0.37,0.037,48,48,10,0.0,0.20833333333333334,48,0,0.0,0,0,0.0,0.0,9.0,39.0
00117f79ce61af038e143ee26448e8401fdbff51f48d5a36e74f43a7ea307b15,2418,1,0.04,0.04,35,35,1,0.0,0.02857142857142857,34,0,0.0,0,0,0.0,0.0,5.0,30.0
001196f2a9c835b764eb29533afb1e8f6e64a3d3c5b35a2a992fe95087e07297,2589,1,0.07,0.07,39,39,1,0.0,0.02564102564102564,38,0,0.0,0,0,0.0,1.0,7.0,31.0
001198346eede408c4929478cedc820b3f6bd5971bf43a7a0f52637274250dca,2536,1,0.03,0.03,45,45,1,0.0,0.022222222222222223,41,0,0.0,0,0,0.0,1.0,5.0,39.0
0011a72ff279179723ef5f8785cce80c968237b6381ce90af2ba9f3f8f8396c7,2246,1,0.08,0.08,36,36,1,0.0,0.027777777777777776,35,0,0.0,0,0,0.0,0.0,8.0,28.0
0011d4b6e8a2fe30df2fc31eec0207c17a4b0dd9dd2997bda65a164f3c324e79,1930,1,0.05,0.05,32,32,1,0.0,0.03125,32,0,0.0,0,0,0.0,0.0,6.0,26.0
0011e0bd4c39195ff342c0ca0ac0601ce2b943a826550674298a5ba49d9f8e70,2038,2,0.16,0.08,34,34,2,0.0,0.058823529411764705,33,0,0.0,0,0,0.0,0.0,8.0,26.0
00125440be6cd148c3599b9c5a2d55f5838c1b0257d35643038c38a60c691fe8,1915,12,0.55,0.04583333333333334,55,55,12,0.0,0.21818181818181817,50,0,0.0,0,0,0.0,1.0,22.0,32.0
00125cb76541e21c1763d895d5209d4b08d24301693a98d7b07493acec999ea9,2076,1,0.03,0.03,28,28,1,0.0,0.03571428571428571,27,0,0.0,0,0,0.0,0.0,4.0,24.0
00128196609cb73163d329245f310e78b76691633ac168498d94ec5b763bb0ae,2313,1,0.03,0.03,34,34,1,0.0,0.029411764705882353,33,0,0.0,0,0,0.0,0.0,4.0,30.0
0012819cd3300a9154496e116ad50a096b0379da97f5dd19775bc85ca80e501a,2518,2,0.1,0.05,40,40,2,0.0,0.05,38,0,0.0,0,0,0.0,0.0,5.0,35.0
0012ac5495638a445c5ac97d8080616ed98bc8f2dbffb22af8833b75ea23e085,2374,5,0.2,0.04,31,31,5,0.0,0.16129032258064516,29,0,0.0,0,0,0.0,0.0,6.0,25.0
0012cb3404b7e0a54c6b88b20b35aa8944c264fa9975acdd40cb9c839266102d,2571,1,0.04,0.04,35,35,1,0.0,0.02857142857142857,35,0,0.0,0,0,0.0,1.0,7.0,27.0
0012d74ac44959de7ae07dc0fda7e82afff92189196522a19b187d2ed710de81,2255,2,0.14,0.07,43,43,2,0.0,0.046511627906976744,41,0,0.0,0,0,0.0,0.0,8.0,35.0
0012de007f6ec699a2976226a4b68d38433061ae2b3a8d9f6b1895e40af76083,2220,4,0.16999999999999998,0.042499999999999996,36,36,4,0.0,0.1111111111111111,33,0,0.0,0,0,0.0,0.0,4.0,32.0
0012f26e3272cc2b5cc3912c7dadfd85125a471b7cccdda718ca05bee13ddafa,2312,2,0.14,0.07,36,36,2,0.0,0.05555555555555555,35,0,0.0,0,0,0.0,0.0,6.0,30.0
00130faf36f2571cf7e08451b317545004a8a85327661ffe0f78d4728047d74f,2092,6,0.38,0.06333333333333334,43,43,6,0.0,0.13953488372093023,38,0,0.0,0,0,0.0,0.0,3.0,40.0
001311505645a5345f324020d17ce0ba87ade00179548c587031b033b750ccb1,2287,2,0.5,0.25,41,41,2,0.0,0.04878048780487805,40,0,0.0,0,0,0.0,0.0,5.0,36.0
001313060d9a6ddd278130839c7c1e88e556a263f7d166ea32ad815be9b6e5eb,2529,1,0.07,0.07,45,45,1,0.0,0.022222222222222223,45,0,0.0,0,0,0.0,0.0,5.0,40.0
00134a275ac10050ccbafa6fb46404cc45088c5ad56a58623f7f8d5130207130,2626,1,0.01,0.01,49,49,1,0.0,0.02040816326530612,48,0,0.0,0,0,0.0,0.0,4.0,45.0
00136a6144a6ef3ee8c24b367a08722b1f8096ac49c1a42c336531517f066a97,2568,5,0.31,0.062,42,42,5,0.0,0.11904761904761904,38,0,0.0,0,0,0.0,2.0,8.0,32.0
0013cb2b73cbef508b95424b4185dd99aed766e30165a698e045389110fe6c95,2095,1,0.04,0.04,28,28,1,0.0,0.03571428571428571,26,0,0.0,0,0,0.0,3.0,4.0,21.0
0013d42c8b5e5653917adf59a597a253eebcb69eb0b6354e12a662faab7714e5,2628,2,0.05,0.025,37,37,2,0.0,0.05405405405405406,35,0,0.0,0,0,0.0,1.0,4.0,32.0
0013ee45a60325aaa514eaa9941fc7c7bfd1f48ca2224ad1263283b9df5e653a,2247,3,0.09,0.03,43,43,3,0.0,0.06976744186046512,43,0,0.0,0,0,0.0,1.0,6.0,36.0
0013ee81b0ad8b637fcf8f4b5284934e947b28664d778df66131d3ac33baf8e3,2110,2,0.16,0.08,37,37,2,0.0,0.05405405405405406,34,0,0.0,0,0,0.0,0.0,6.0,31.0
0013f449e052e25eb210d9ded84cb9b12ea7c8f6e6eb93eaed9eab5281c3dcd4,2080,5,0.19,0.038,52,52,5,0.0,0.09615384615384616,49,0,0.0,0,0,0.0,0.0,3.0,49.0
0013fabe6d7ae3cf11e610c7c89ae6de6fd49a468e8e8d0984cb4d7d169c4f5c,2303,2,0.04,0.02,39,39,2,0.0,0.05128205128205128,39,0,0.0,0,0,0.0,0.0,11.0,28.0
00140d87c629b961e410e1d143084146c6fe71df40fe3dd8b10fedc6a803ad24,2454,1,0.05,0.05,34,34,1,0.0,0.029411764705882353,34,0,0.0,0,0,0.0,0.0,3.0,31.0
001420112d698c8a39ccccd8f6c0341c57025cc022612975a2fcdbfe6e9284b0,2570,1,0.03,0.03,44,44,1,0.0,0.022727272727272728,44,0,0.0,0,0,0.0,0.0,4.0,40.0
00143ec0632e65ee935f083c359df074db8f47cc488934241a1d637d60466172,2626,1,0.12,0.12,30,30,1,0.0,0.03333333333333333,30,0,0.0,0,0,0.0,0.0,6.0,24.0
001474a6235ebaa675ef2313284c3a9c7490f6972af132943764ee76bbc174d6,2000,1,0.06,0.06,43,43,1,0.0,0.023255813953488372,42,0,0.0,0,0,0.0,0.0,7.0,36.0
0014a050e53bac4c5bd56296afbbea26d542fe4340a5598be210af48ebbed972,2397,1,0.03,0.03,33,33,1,0.0,0.030303030303030304,33,0,0.0,0,0,0.0,1.0,2.0,30.0
0014af8e431562a90a9b67913eaf5c183fc67d591c4c37681dfb0f898ea4e0b2,2573,1,0.05,0.05,34,34,1,0.0,0.029411764705882353,34,0,0.0,0,0,0.0,1.0,5.0,28.0
0014d2caff86ba0121aeae24a564ba0e43b97b273bf4c7b7ed0a7fb9f55c14d3,2201,1,0.02,0.02,52,52,1,0.0,0.019230769230769232,51,0,0.0,0,0,0.0,0.0,9.0,43.0
0014fc093a3c27277cdba16ba91bfbd37364834f48feb9c89de17a6e565767f5,2592,1,0.03,0.03,37,37,1,0.0,0.02702702702702703,36,0,0.0,0,0,0.0,0.0,7.0,30.0
00150c4dbbaef4aae0a293193186c0dc35ad66adc0d66787c8e057c2a7a0620f,2492,6,0.06,0.01,41,41,6,0.0,0.14634146341463414,37,0,0.0,0,0,0.0,0.0,14.0,27.0
0015157bab6a618d49f7b8689e2b8d2b6ea6e9fa9e8bb38e3d306927ca2d3cf7,2259,1,0.08,0.08,32,32,1,0.0,0.03125,31,0,0.0,0,0,0.0,0.0,3.0,29.0
001521e8394eb81ba43ab5b84ae7e756d51ac813be212a96e8779e0e42c029c0,2634,2,0.06,0.03,39,39,2,0.0,0.05128205128205128,37,0,0.0,0,0,0.0,0.0,9.0,30.0
0015251a0dcebac75714f68f50a9a282731dc2c8269f7a20cfa81e144fb27551,2441,11,0.44,0.04,43,43,11,0.0,0.2558139534883721,34,0,0.0,0,0,0.0,0.0,13.0,30.0
001529133de5f0cca01358473a1af5dd4ec3b8ba9c58e7b66957b81d6978def4,2340,2,0.14,0.07,45,45,2,0.0,0.044444444444444446,43,0,0.0,0,0,0.0,0.0,3.0,42.0
00155b2ef48cfb5d2fce4642f670f151efe0747542a5b946580684cd2c6093c7,2239,6,0.24,0.04,41,41,6,0.0,0.14634146341463414,41,0,0.0,0,0,0.0,0.0,8.0,33.0
0015735a4905f31e769ca12963c6fbb44e026ceb88e0e3a9bbd17671b4c30f4c,2267,1,0.1,0.1,39,39,1,0.0,0.02564102564102564,38,0,0.0,0,0,0.0,0.0,2.0,37.0
001597a203568914926b852124d1def6d8bfd56358b25b93e2e71c588615e56e,2605,1,0.01,0.01,45,45,1,0.0,0.022222222222222223,44,0,0.0,0,0,0.0,1.0,6.0,38.0
001599534bffb17de3e9ada377f87f695fbfd8180bfb6a241c23f0bfd6931882,2619,1,0.02,0.02,45,45,1,0.0,0.022222222222222223,42,0,0.0,0,0,0.0,0.0,2.0,43.0
00159bfc26c2cf788c09789f006fa698b24d0f1dbd83095a7b22e06c9d0fcb92,2632,1,0.07,0.07,38,38,1,0.0,0.02631578947368421,36,0,0.0,0,0,0.0,0.0,8.0,30.0
0015bcfb4f899d9209301dbd37ce54f53651b0f179c88cd91c50de1807355a91,2626,2,0.03,0.015,27,27,2,0.0,0.07407407407407407,26,0,0.0,0,0,0.0,0.0,2.0,25.0
0015e1028e70b159e9bee92455c4782e72fb4ceb3fccb69e5fa0951c2e47bce0,2627,1,0.07,0.07,33,33,1,0.0,0.030303030303030304,29,0,0.0,0,0,0.0,0.0,5.0,28.0
0015f16aa2702e2ec13d2e38052f496b9b915d3c64e82cdb9ce11b9324c32b34,1993,1,0.05,0.05,36,36,1,0.0,0.027777777777777776,34,0,0.0,0,0,0.0,0.0,4.0,32.0
0015f37f752a41a75c3be6f3f92deedc4c87d039f1758ec41f54f8c7f4729793,2089,2,0.08,0.04,44,44,2,0.0,0.045454545454545456,42,0,0.0,0,0,0.0,0.0,5.0,39.0
00161807b400646237229582e0d2333ef150881037858be8424b5e8202d06ddb,2096,13,0.66,0.050769230769230775,60,60,13,0.0,0.21666666666666667,50,0,0.0,0,0,0.0,0.0,14.0,46.0
0016295ec284490436b03c64f541565aa58dea449cacf55cb7fa98e1fef01539,2407,3,0.09,0.03,40,40,3,0.0,0.075,35,0,0.0,0,0,0.0,0.0,8.0,32.0
00164322e9af7460e84207c8d172912a2c13da209bb0eab92f74545ba217d885,2211,3,0.13,0.043333333333333335,40,40,3,0.0,0.075,40,0,0.0,0,0,0.0,0.0,4.0,36.0
